<?xml version="1.0" encoding="UTF-8"?>
<project-private xmlns="http://www.netbeans.org/ns/project-private/1">
    <editor-bookmarks xmlns="http://www.netbeans.org/ns/editor-bookmarks/2" lastBookmarkId="0"/>
    <open-files xmlns="http://www.netbeans.org/ns/projectui-open-files/2">
        <group>
            <file>file:/A:/Java/Author/src/author/Address.java</file>
            <file>file:/A:/Java/Author/src/author/Book.java</file>
            <file>file:/A:/Java/Author/src/author/Author.java</file>
            <file>file:/A:/Java/Author/src/author/authorTest.java</file>
        </group>
    </open-files>
</project-private>
